0101,STATE BANK OF INDIA,SBIN0000919
0102,STATE BANK OF INDIA,SBIN0001012
0103,STATE BANK OF INDIA,SBIN0000983
0104,STATE BANK OF INDIA,SBIN0002749
0105,STATE BANK OF INDIA,SBIN0006636
0106,STATE BANK OF INDIA,SBIN0000753
0107,STATE BANK OF INDIA,SBIN0000766
0108,STATE BANK OF INDIA,SBIN0001006
0109,STATE BANK OF INDIA,SBIN0001441
0110,STATE BANK OF INDIA,SBIN0002785
0111,STATE BANK OF INDIA,SBIN0006216
0112,STATE BANK OF INDIA,SBIN0000964
0113,STATE BANK OF INDIA,SBIN0011105
0114,STATE BANK OF INDIA,SBIN0000966
0115,STATE BANK OF INDIA,SBIN0014270
0201,STATE BANK OF INDIA,SBIN0000754
0202,STATE BANK OF INDIA,SBIN0000805
0203,STATE BANK OF INDIA,SBIN0006338
0204,STATE BANK OF INDIA,SBIN0002691
0205,STATE BANK OF INDIA,SBIN0001007
0206,UNION BANK OF INDIA,UBIN0532916
0207,STATE BANK OF INDIA,SBIN0000255
0208,STATE BANK OF INDIA,SBIN0000752
0209,STATE BANK OF INDIA,SBIN0002751
0210,INDIAN BANK,IDIB000M003
0211,STATE BANK OF INDIA,SBIN0002778
0212,STATE BANK OF INDIA,SBIN0000886
0213,STATE BANK OF INDIA,SBIN0009473
0214,STATE BANK OF INDIA,SBIN0001611
0301,STATE BANK OF INDIA,SBIN0000850
0302,STATE BANK OF INDIA,SBIN0005883
0303,ANDHRA BANK,ANDB0000006
0304,STATE BANK OF INDIA,SBIN0000803
0305,STATE BANK OF INDIA,SBIN0001425
0306,STATE BANK OF INDIA,SBIN0000982
0307,STATE BANK OF INDIA,SBIN0001462
0308,STATE BANK OF INDIA,SBIN0000897
0309,STATE BANK OF INDIA,SBIN0001003
0310,STATE BANK OF HYDERABAD,SBHY0021387
0312,STATE BANK OF INDIA,SBIN0001013
0313,STATE BANK OF INDIA,SBIN0000907
0314,ANDHRA BANK,ANDB0000409
0315,STATE BANK OF INDIA,SBIN0005639
0316,STATE BANK OF INDIA,SBIN0000910
0317,STATE BANK OF INDIA,SBIN0000942
0318,STATE BANK OF INDIA,SBIN0002731
0319,STATE BANK OF INDIA,SBIN0003173
0320,STATE BANK OF INDIA,SBIN0001409
0401,STATE BANK OF INDIA,SBIN0000836
0402,STATE BANK OF INDIA,SBIN0001440
0403,STATE BANK OF INDIA,SBIN0000818
0404,STATE BANK OF INDIA,SBIN0006835
0405,STATE BANK OF INDIA,SBIN0001002
0406,STATE BANK OF INDIA,SBIN0002715
0407,STATE BANK OF INDIA,SBIN0002733
0408,STATE BANK OF INDIA,SBIN0000860
0409,STATE BANK OF INDIA,SBIN0000885
0410,STATE BANK OF INDIA,SBIN0001437
0411,STATE BANK OF INDIA,SBIN0000892
0412,STATE BANK OF INDIA,SBIN0002782
0413,STATE BANK OF INDIA,SBIN0000778
0414,STATE BANK OF INDIA,SBIN0000922
0415,STATE BANK OF INDIA,SBIN0000925
0501,STATE BANK OF INDIA,SBIN0000874
0502,STATE BANK OF INDIA,SBIN0000811
0503,STATE BANK OF INDIA,SBIN0001596
0504,STATE BANK OF INDIA,SBIN0004808
0505,STATE BANK OF INDIA,SBIN0000783
0506,STATE BANK OF INDIA,SBIN0000841
0507,STATE BANK OF HYDERABAD,SBHY0020170
0508,STATE BANK OF INDIA,SBIN0001184
0509,STATE BANK OF INDIA,SBIN0003172
0510,STATE BANK OF INDIA,SBIN0007527
0511,STATE BANK OF INDIA,SBIN0000882
0512,STATE BANK OF INDIA,SBIN0000889
0513,STATE BANK OF INDIA,SBIN0002776
0514,STATE BANK OF INDIA,SBIN0000794
0515,STATE BANK OF INDIA,SBIN0001208
0516,STATE BANK OF INDIA,SBIN0001008
0517,STATE BANK OF INDIA,SBIN0011998
0518,STATE BANK OF INDIA,SBIN0001408
0519,STATE BANK OF INDIA,SBIN0004826
0601,STATE BANK OF INDIA,SBIN0006307
0602,STATE BANK OF INDIA,SBIN0000815
0603,STATE BANK OF INDIA,SBIN0001195
0604,STATE BANK OF INDIA,SBIN0002712
0605,STATE BANK OF INDIA,SBIN0001014
0606,STATE BANK OF INDIA,SBIN0001022
0607,STATE BANK OF INDIA,SBIN0001010
0608,STATE BANK OF INDIA,SBIN0001011
0609,STATE BANK OF INDIA,SBIN0005868
0610,STATE BANK OF INDIA,SBIN0000884
0611,STATE BANK OF INDIA,SBIN0001454
0612,STATE BANK OF INDIA,SBIN0002783
0613,ANDHRA BANK,ANDB0000498
0614,STATE BANK OF INDIA,SBIN0000911
0615,STATE BANK OF INDIA,SBIN0000915
0616,STATE BANK OF INDIA,SBIN0000927
0617,STATE BANK OF INDIA,SBIN0001460
0618,STATE BANK OF INDIA,SBIN0000780
0701,STATE BANK OF INDIA,SBIN0000890
0702,STATE BANK OF INDIA,SBIN0000751
0703,STATE BANK OF INDIA,SBIN0001009
0704,STATE BANK OF INDIA,SBIN0001173
0705,SYNDICATE BANK,SYNB0003641
0706,STATE BANK OF INDIA,SBIN0000788
0707,STATE BANK OF INDIA,SBIN0000854
0708,STATE BANK OF INDIA,SBIN0000959
0709,STATE BANK OF INDIA,SBIN0000873
0710,STATE BANK OF INDIA,SBIN0003176
0711,STATE BANK OF INDIA,SBIN0010310
0712,STATE BANK OF INDIA,SBIN0000268
0713,STATE BANK OF INDIA,SBIN0002815
0801,STATE BANK OF INDIA,SBIN0000887
0802,STATE BANK OF INDIA,SBIN0001163
0803,STATE BANK OF INDIA,SBIN0000843
0804,STATE BANK OF INDIA,SBIN0004828
0805,STATE BANK OF INDIA,SBIN0000858
0806,STATE BANK OF INDIA,SBIN0000798
0807,SYNDICATE BANK,SYNB0003470
0808,STATE BANK OF INDIA,SBIN0000773
0809,SYNDICATE BANK,SYNB0003472
0810,STATE BANK OF INDIA,SBIN0000969
0811,STATE BANK OF INDIA,SBIN0003177
0812,STATE BANK OF INDIA,SBIN0006052
0813,STATE BANK OF INDIA,SBIN0005917
0814,SYNDICATE BANK,SYNB0003468
0815,STATE BANK OF INDIA,SBIN0003353
0816,STATE BANK OF INDIA,SBIN0002811
0901,STATE BANK OF INDIA,SBIN0006305
0902,STATE BANK OF INDIA,SBIN0000801
0903,STATE BANK OF INDIA,SBIN0000784
0904,STATE BANK OF INDIA,SBIN0000779
0905,STATE BANK OF INDIA,SBIN0000986
0906,STATE BANK OF INDIA,SBIN0001179
0907,STATE BANK OF INDIA,SBIN0000834
0908,STATE BANK OF INDIA,SBIN0002725
0909,STATE BANK OF INDIA,SBIN0000984
0910,STATE BANK OF INDIA,SBIN0000866
0911,STATE BANK OF INDIA,SBIN0001023
0912,STATE BANK OF INDIA,SBIN0000883
0913,STATE BANK OF INDIA,SBIN0000981
0914,STATE BANK OF INDIA,SBIN0000955
0915,STATE BANK OF INDIA,SBIN0000750
1001,STATE BANK OF INDIA,SBIN0012831
1002,STATE BANK OF INDIA,SBIN0000806
1003,STATE BANK OF INDIA,SBIN0000250
1004,STATE BANK OF INDIA,SBIN0000976
1005,STATE BANK OF INDIA,SBIN0000957
1006,STATE BANK OF INDIA,SBIN0000845
1007,STATE BANK OF INDIA,SBIN0000849
1008,STATE BANK OF INDIA,SBIN0001318
1009,STATE BANK OF INDIA,SBIN0005656
1010,STATE BANK OF INDIA,SBIN0002738
1011,ANDHRA BANK,ANDB0000339
1012,STATE BANK OF INDIA,SBIN0000251
1013,STATE BANK OF INDIA,SBIN0000790
1014,STATE BANK OF INDIA,SBIN0000960
1015,STATE BANK OF INDIA,SBIN0006108
1016,STATE BANK OF INDIA,SBIN0000923
1017,STATE BANK OF INDIA,SBIN0000946
1018,ANDHRA BANK,ANDB0001854
1101,STATE BANK OF INDIA,SBIN0007083
1102,STATE BANK OF INDIA,SBIN0000825
1103,STATE BANK OF INDIA,SBIN0001616
1104,STATE BANK OF INDIA,SBIN0000785
1105,SB OF MYSORE,SBMY0040004
1106,STATE BANK OF INDIA,SBIN0000868
1107,STATE BANK OF INDIA,SBIN0002762
1108,STATE BANK OF INDIA,SBIN0002773
1109,STATE BANK OF INDIA,SBIN0000266
1110,STATE BANK OF INDIA,SBIN0001491
1111,SB OF MYSORE,SBMY0040003
1112,STATE BANK OF INDIA,SBIN0000580
1113,STATE BANK OF INDIA,SBIN0002793
1114,STATE BANK OF INDIA,SBIN0000851
1115,INDIAN BANK,IDIB000T012
1116,STATE BANK OF INDIA,SBIN0000933
1117,STATE BANK OF INDIA,SBIN0008832
1118,STATE BANK OF INDIA,SBIN0000781
1201,STATE BANK OF INDIA,SBIN0011122
1202,STATE BANK OF INDIA,SBIN0000792
1203,STATE BANK OF INDIA,SBIN0015248
1204,STATE BANK OF INDIA,SBIN0000977
1205,STATE BANK OF INDIA,SBIN0001267
1206,STATE BANK OF INDIA,SBIN0003748
1207,SYNDICATE BANK,SYNB0003198
1208,STATE BANK OF INDIA,SBIN0000901
1209,STATE BANK OF INDIA,SBIN0000989
1210,STATE BANK OF INDIA,SBIN0001459
1211,STATE BANK OF INDIA,SBIN0000905
1212,STATE BANK OF INDIA,SBIN0000761
1213,STATE BANK OF INDIA,SBIN0001381
1214,STATE BANK OF INDIA,SBIN0002761
2201,STATE BANK OF INDIA,SBIN0006647
2202,STATE BANK OF INDIA,SBIN0002698
2203,STATE BANK OF INDIA,SBIN0000820
2204,STATE BANK OF INDIA,SBIN0000767
2205,STATE BANK OF INDIA,SBIN0001458
2206,STATE BANK OF INDIA,SBIN0001673
2207,STATE BANK OF INDIA,SBIN0002752
2208,STATE BANK OF INDIA,SBIN0002768
2209,STATE BANK OF INDIA,SBIN0000895
2210,STATE BANK OF INDIA,SBIN0000914
2211,STATE BANK OF INDIA,SBIN0001005
2212,STATE BANK OF INDIA,SBIN0002799
2213,STATE BANK OF INDIA,SBIN0000953
2702,STATE BANK OF INDIA,SBIN0002724
